-- Create the main database once if it does not exist.
CREATE DATABASE IF NOT EXISTS reyhans_grill
  DEFAULT CHARACTER SET utf8mb4
  DEFAULT COLLATE utf8mb4_unicode_ci;

USE reyhans_grill;

-- Category lookup table (Fruits, Vegetables, etc.).
CREATE TABLE IF NOT EXISTS Category (
  Category_ID VARCHAR(20) PRIMARY KEY,
  Category_Name VARCHAR(100) NOT NULL,
  Created_At TIMESTAMP DEFAULT CURRENT_TIMESTAMP,
  Updated_At TIMESTAMP DEFAULT CURRENT_TIMESTAMP ON UPDATE CURRENT_TIMESTAMP
) ENGINE=InnoDB DEFAULT CHARSET=utf8mb4;

-- Global thresholds used when items do not supply their own values.
CREATE TABLE IF NOT EXISTS Inventory_Settings (
  Setting_ID INT UNSIGNED PRIMARY KEY AUTO_INCREMENT,
  Low_Stock_Threshold INT UNSIGNED NOT NULL DEFAULT 10,
  Expiring_Soon_Days INT UNSIGNED NOT NULL DEFAULT 7,
  Created_At TIMESTAMP DEFAULT CURRENT_TIMESTAMP,
  Updated_At TIMESTAMP DEFAULT CURRENT_TIMESTAMP ON UPDATE CURRENT_TIMESTAMP
) ENGINE=InnoDB DEFAULT CHARSET=utf8mb4;

-- User accounts (admin plus future staff logins).
CREATE TABLE IF NOT EXISTS user (
  User_ID VARCHAR(20) PRIMARY KEY,
  Username VARCHAR(50) NOT NULL UNIQUE,
  Password VARCHAR(255) NOT NULL,
  Created_At TIMESTAMP DEFAULT CURRENT_TIMESTAMP,
  Updated_At TIMESTAMP DEFAULT CURRENT_TIMESTAMP ON UPDATE CURRENT_TIMESTAMP
) ENGINE=InnoDB DEFAULT CHARSET=utf8mb4;

-- Master inventory table that stores every material/utensil.
CREATE TABLE IF NOT EXISTS Item (
  Item_ID VARCHAR(20) PRIMARY KEY,
  Item_Name VARCHAR(120) NOT NULL,
  Category_ID VARCHAR(20) NOT NULL,
  Quantity_in_Stock INT UNSIGNED NOT NULL DEFAULT 0,
  Unit VARCHAR(50) NOT NULL DEFAULT 'each',
  Unit_Cost DECIMAL(10, 2) NOT NULL DEFAULT 0.00,
  Shelf_Life_Days INT UNSIGNED DEFAULT 0,
  Expiration_Date DATE,
  Status ENUM('AVAILABLE', 'LOW', 'OUT_OF_STOCK') NOT NULL DEFAULT 'AVAILABLE',
  Item_Type ENUM('MATERIAL', 'UTENSIL', 'OTHER') NOT NULL DEFAULT 'MATERIAL',
  Low_Stock_Threshold INT UNSIGNED DEFAULT NULL,
  Expiring_Soon_Days INT UNSIGNED DEFAULT NULL,
  Par_Level INT UNSIGNED DEFAULT 0,
  Reorder_Point INT UNSIGNED DEFAULT 0,
  Is_Deleted TINYINT(1) NOT NULL DEFAULT 0,
  Deleted_At TIMESTAMP NULL DEFAULT NULL,
  Created_At TIMESTAMP DEFAULT CURRENT_TIMESTAMP,
  Updated_At TIMESTAMP DEFAULT CURRENT_TIMESTAMP ON UPDATE CURRENT_TIMESTAMP,
  CONSTRAINT fk_item_category FOREIGN KEY (Category_ID) REFERENCES Category (Category_ID)
    ON UPDATE CASCADE
    ON DELETE RESTRICT
) ENGINE=InnoDB DEFAULT CHARSET=utf8mb4;

-- Legacy usage log kept for backwards compatibility.
CREATE TABLE IF NOT EXISTS `usage` (
  Usage_ID VARCHAR(24) PRIMARY KEY,
  Item_ID VARCHAR(20) NOT NULL,
  Quantity_Used INT UNSIGNED NOT NULL,
  Date_Used DATE NOT NULL,
  User_ID VARCHAR(20) NOT NULL,
  Created_At TIMESTAMP DEFAULT CURRENT_TIMESTAMP,
  Updated_At TIMESTAMP DEFAULT CURRENT_TIMESTAMP ON UPDATE CURRENT_TIMESTAMP,
  CONSTRAINT fk_usage_item FOREIGN KEY (Item_ID) REFERENCES Item (Item_ID)
    ON UPDATE CASCADE
    ON DELETE CASCADE,
  CONSTRAINT fk_usage_user FOREIGN KEY (User_ID) REFERENCES user (User_ID)
    ON UPDATE CASCADE
    ON DELETE RESTRICT
) ENGINE=InnoDB DEFAULT CHARSET=utf8mb4;

-- Newer inventory usage entries logged from the UI.
CREATE TABLE IF NOT EXISTS Inventory_Usage (
  Usage_ID INT UNSIGNED AUTO_INCREMENT PRIMARY KEY,
  Item_ID VARCHAR(20) NOT NULL,
  Used_Quantity INT UNSIGNED NOT NULL,
  Usage_Date DATE NOT NULL DEFAULT (CURRENT_DATE),
  Notes VARCHAR(255),
  Created_At TIMESTAMP DEFAULT CURRENT_TIMESTAMP,
  CONSTRAINT fk_inventory_usage_item FOREIGN KEY (Item_ID) REFERENCES Item (Item_ID)
    ON UPDATE CASCADE
    ON DELETE CASCADE
) ENGINE=InnoDB DEFAULT CHARSET=utf8mb4;

-- Historical material usage table (allows decimals for old data).
CREATE TABLE IF NOT EXISTS Material_Usage (
  Usage_ID INT UNSIGNED AUTO_INCREMENT PRIMARY KEY,
  Item_ID VARCHAR(20) NOT NULL,
  Usage_Date DATETIME NOT NULL DEFAULT CURRENT_TIMESTAMP,
  Quantity_Used DECIMAL(10, 2) NOT NULL,
  Reason VARCHAR(100),
  Created_At TIMESTAMP DEFAULT CURRENT_TIMESTAMP,
  CONSTRAINT fk_material_usage_item FOREIGN KEY (Item_ID) REFERENCES Item (Item_ID)
    ON UPDATE CASCADE
    ON DELETE CASCADE
) ENGINE=InnoDB DEFAULT CHARSET=utf8mb4;

-- Electronic income sources (DoorDash, Card, etc.).
CREATE TABLE IF NOT EXISTS Electronic_Income (
  Electronic_ID INT UNSIGNED AUTO_INCREMENT PRIMARY KEY,
  Income_Date DATE NOT NULL,
  Channel VARCHAR(40) NOT NULL,
  Amount DECIMAL(12, 2) NOT NULL,
  Notes VARCHAR(120),
  Created_At TIMESTAMP DEFAULT CURRENT_TIMESTAMP,
  Updated_At TIMESTAMP DEFAULT CURRENT_TIMESTAMP ON UPDATE CURRENT_TIMESTAMP
) ENGINE=InnoDB DEFAULT CHARSET=utf8mb4;

-- Cash deposits counted at the end of each day.
CREATE TABLE IF NOT EXISTS Cash_Income (
  Cash_ID INT UNSIGNED AUTO_INCREMENT PRIMARY KEY,
  Income_Date DATE NOT NULL,
  Amount DECIMAL(12, 2) NOT NULL,
  Notes VARCHAR(120),
  Created_At TIMESTAMP DEFAULT CURRENT_TIMESTAMP,
  Updated_At TIMESTAMP DEFAULT CURRENT_TIMESTAMP ON UPDATE CURRENT_TIMESTAMP
) ENGINE=InnoDB DEFAULT CHARSET=utf8mb4;

-- Manual expenses keyed in from bank/receipt records.
CREATE TABLE IF NOT EXISTS Expense (
  Expense_ID INT UNSIGNED AUTO_INCREMENT PRIMARY KEY,
  Expense_Date DATE NOT NULL,
  Payment_Type VARCHAR(40) NOT NULL,
  Paid_To VARCHAR(120) NOT NULL,
  Description VARCHAR(255),
  Amount DECIMAL(12, 2) NOT NULL,
  Created_At TIMESTAMP DEFAULT CURRENT_TIMESTAMP,
  Updated_At TIMESTAMP DEFAULT CURRENT_TIMESTAMP ON UPDATE CURRENT_TIMESTAMP
) ENGINE=InnoDB DEFAULT CHARSET=utf8mb4;

-- Session table for the web app. Keeps the user logged in.
CREATE TABLE IF NOT EXISTS user_sessions (
  Session_ID BIGINT UNSIGNED AUTO_INCREMENT PRIMARY KEY,
  User_ID VARCHAR(20) NOT NULL,
  Session_Token CHAR(96) NOT NULL,
  Created_At DATETIME NOT NULL DEFAULT CURRENT_TIMESTAMP,
  Last_Activity_At DATETIME NOT NULL DEFAULT CURRENT_TIMESTAMP,
  CONSTRAINT fk_user_sessions_user FOREIGN KEY (User_ID) REFERENCES user (User_ID)
    ON DELETE CASCADE
    ON UPDATE CASCADE,
  UNIQUE KEY uq_session_token (Session_Token)
) ENGINE=InnoDB DEFAULT CHARSET=utf8mb4;

-- Purchase log ties inventory buys to users and total cost.
CREATE TABLE IF NOT EXISTS Purchase (
  Purchase_ID VARCHAR(24) PRIMARY KEY,
  User_ID VARCHAR(20) NOT NULL,
  Item_ID VARCHAR(20) NOT NULL,
  Quantity_Purchased INT UNSIGNED NOT NULL,
  Purchase_Date DATE NOT NULL,
  Total_Cost DECIMAL(12, 2) NOT NULL DEFAULT 0.00,
  Created_At TIMESTAMP DEFAULT CURRENT_TIMESTAMP,
  Updated_At TIMESTAMP DEFAULT CURRENT_TIMESTAMP ON UPDATE CURRENT_TIMESTAMP,
  CONSTRAINT fk_purchase_item FOREIGN KEY (Item_ID) REFERENCES Item (Item_ID)
    ON UPDATE CASCADE
    ON DELETE CASCADE,
  CONSTRAINT fk_purchase_user FOREIGN KEY (User_ID) REFERENCES user (User_ID)
    ON UPDATE CASCADE
    ON DELETE RESTRICT
) ENGINE=InnoDB DEFAULT CHARSET=utf8mb4;

-- Optional reporting table (currently unused but kept for future use).
CREATE TABLE IF NOT EXISTS Report (
  Report_ID VARCHAR(40) PRIMARY KEY,
  Report_Date DATE NOT NULL,
  Total_Spent DECIMAL(12, 2) NOT NULL DEFAULT 0.00,
  Total_Used_Items INT UNSIGNED NOT NULL DEFAULT 0,
  User_ID VARCHAR(20) NOT NULL,
  Created_At TIMESTAMP DEFAULT CURRENT_TIMESTAMP,
  Updated_At TIMESTAMP DEFAULT CURRENT_TIMESTAMP ON UPDATE CURRENT_TIMESTAMP,
  CONSTRAINT fk_report_user FOREIGN KEY (User_ID) REFERENCES user (User_ID)
    ON UPDATE CASCADE
    ON DELETE RESTRICT
 ) ENGINE=InnoDB DEFAULT CHARSET=utf8mb4;

-- Seed the default thresholds so the app has initial settings.
INSERT INTO Inventory_Settings (Setting_ID, Low_Stock_Threshold, Expiring_Soon_Days) VALUES
  (1, 10, 7)
ON DUPLICATE KEY UPDATE
  Low_Stock_Threshold = VALUES(Low_Stock_Threshold),
  Expiring_Soon_Days = VALUES(Expiring_Soon_Days);

-- Preload the core category list used throughout the UI.
INSERT INTO Category (Category_ID, Category_Name) VALUES
  ('CAT_FRUITS', 'Fruits'),
  ('CAT_VEG', 'Vegetables'),
  ('CAT_GRAINS', 'Grains'),
  ('CAT_PROTEIN', 'Protein'),
  ('CAT_DAIRY', 'Dairy'),
  ('CAT_DRINK', 'Drinks'),
  ('CAT_COOK', 'Cooking'),
  ('CAT_SERVE', 'Serving'),
  ('CAT_BAKE', 'Baking'),
  ('CAT_CUT', 'Cutlery'),
  ('CAT_STORE', 'Storage')
ON DUPLICATE KEY UPDATE Category_Name = VALUES(Category_Name);

-- Seed the admin user (password is bcrypt hashed).
INSERT INTO user (User_ID, Username, Password) VALUES
  ('USR_ADMIN', 'admin', '$2b$12$2CuuTPCAyr4HrjNTNsXNge0EYYxis42DJ47gUzZIV2ZgSbDFaoRKK')
ON DUPLICATE KEY UPDATE Username = VALUES(Username), Password = VALUES(Password);

-- Seed data from 20240731_july_financials.sql
-- July Cash Income
INSERT INTO Cash_Income (Income_Date, Amount, Notes) VALUES
('2025-07-01', 36.00, 'Daily closeout'),
('2025-07-06', 60.00, 'Daily closeout'),
('2025-07-08', 82.00, 'Daily closeout'),
('2025-07-09', 22.00, 'Daily closeout'),
('2025-07-10', 17.00, 'Daily closeout'),
('2025-07-11', 28.00, 'Daily closeout'),
('2025-07-13', 74.00, 'Daily closeout'),
('2025-07-15', 35.00, 'Daily closeout'),
('2025-07-16', 48.00, 'Daily closeout'),
('2025-07-17', 10.00, 'Daily closeout'),
('2025-07-18', 95.00, 'Daily closeout'),
('2025-07-19', 50.00, 'Daily closeout'),
('2025-07-20', 61.00, 'Daily closeout'),
('2025-07-22', 20.00, 'Daily closeout'),
('2025-07-23', 20.00, 'Daily closeout'),
('2025-07-25', 100.00, 'Daily closeout'),
('2025-07-26', 120.00, 'Daily closeout'),
('2025-07-27', 220.00, 'Large catering payment'),
('2025-07-29', 50.00, 'Daily closeout');

-- July Electronic Income
INSERT INTO Electronic_Income (Income_Date, Channel, Amount, Notes) VALUES
('2025-07-01', 'Card', 349.50, NULL),
('2025-07-01', 'DoorDash', 395.12, NULL),
('2025-07-01', 'UberEats', 136.12, NULL),
('2025-07-02', 'Card', 370.68, NULL),
('2025-07-02', 'DoorDash', 43.84, NULL),
('2025-07-02', 'UberEats', 118.88, NULL),
('2025-07-03', 'Card', 140.01, NULL),
('2025-07-03', 'DoorDash', 480.59, NULL),
('2025-07-03', 'UberEats', 139.65, NULL),
('2025-07-04', 'Card', 665.66, NULL),
('2025-07-04', 'DoorDash', 119.61, NULL),
('2025-07-04', 'UberEats', 32.52, NULL),
('2025-07-04', 'GrubHub', 25.98, NULL),
('2025-07-05', 'Card', 411.45, NULL),
('2025-07-05', 'DoorDash', 227.66, NULL),
('2025-07-05', 'UberEats', 138.26, NULL),
('2025-07-06', 'Card', 835.84, NULL),
('2025-07-06', 'DoorDash', 81.19, NULL),
('2025-07-06', 'UberEats', 66.57, NULL),
('2025-07-06', 'GrubHub', 25.98, NULL),
('2025-07-08', 'Card', 237.32, NULL),
('2025-07-08', 'DoorDash', 494.71, NULL),
('2025-07-08', 'UberEats', 41.56, NULL),
('2025-07-09', 'Card', 424.03, NULL),
('2025-07-09', 'DoorDash', 138.56, NULL),
('2025-07-09', 'UberEats', 183.90, NULL),
('2025-07-10', 'Card', 404.53, NULL),
('2025-07-10', 'DoorDash', 190.53, NULL),
('2025-07-10', 'UberEats', 249.94, NULL),
('2025-07-11', 'Card', 715.13, NULL),
('2025-07-11', 'DoorDash', 389.17, NULL),
('2025-07-11', 'UberEats', 152.40, NULL),
('2025-07-12', 'Card', 765.38, NULL),
('2025-07-12', 'DoorDash', 149.39, NULL),
('2025-07-12', 'UberEats', 112.96, NULL),
('2025-07-13', 'Card', 764.67, NULL),
('2025-07-13', 'DoorDash', 191.36, NULL),
('2025-07-13', 'UberEats', 162.21, NULL),
('2025-07-15', 'Card', 296.28, NULL),
('2025-07-15', 'DoorDash', 205.68, NULL),
('2025-07-15', 'UberEats', 19.42, NULL),
('2025-07-15', 'GrubHub', 25.98, NULL),
('2025-07-16', 'Card', 365.60, NULL),
('2025-07-16', 'DoorDash', 85.52, NULL),
('2025-07-16', 'UberEats', 53.84, NULL),
('2025-07-17', 'Card', 245.49, NULL),
('2025-07-17', 'DoorDash', 215.96, NULL),
('2025-07-17', 'UberEats', 53.19, NULL),
('2025-07-18', 'Card', 575.52, NULL),
('2025-07-18', 'DoorDash', 405.96, NULL),
('2025-07-18', 'UberEats', 207.85, NULL),
('2025-07-19', 'Card', 1016.79, NULL),
('2025-07-19', 'DoorDash', 99.85, NULL),
('2025-07-19', 'UberEats', 142.85, NULL),
('2025-07-20', 'Card', 817.80, NULL),
('2025-07-20', 'DoorDash', 177.80, NULL),
('2025-07-20', 'UberEats', 41.57, NULL),
('2025-07-21', 'Card', 691.72, NULL),
('2025-07-22', 'Card', 596.01, NULL),
('2025-07-22', 'DoorDash', 144.99, NULL),
('2025-07-22', 'UberEats', 40.74, NULL),
('2025-07-23', 'Card', 419.74, NULL),
('2025-07-23', 'DoorDash', 16.24, NULL),
('2025-07-23', 'UberEats', 65.02, NULL),
('2025-07-24', 'Card', 566.22, NULL),
('2025-07-24', 'DoorDash', 224.08, NULL),
('2025-07-24', 'UberEats', 38.38, NULL),
('2025-07-25', 'Card', 741.33, NULL),
('2025-07-25', 'DoorDash', 342.64, NULL),
('2025-07-25', 'UberEats', 94.03, NULL),
('2025-07-26', 'Card', 1061.95, NULL),
('2025-07-26', 'DoorDash', 579.15, NULL),
('2025-07-26', 'UberEats', 302.22, NULL),
('2025-07-27', 'Card', 491.74, NULL),
('2025-07-27', 'DoorDash', 294.98, NULL),
('2025-07-27', 'UberEats', 112.96, NULL),
('2025-07-29', 'Card', 126.63, NULL),
('2025-07-29', 'DoorDash', 196.86, NULL),
('2025-07-29', 'UberEats', 10.65, NULL),
('2025-07-30', 'Card', 286.11, NULL),
('2025-07-30', 'DoorDash', 72.54, NULL),
('2025-07-30', 'UberEats', 25.06, NULL),
('2025-07-30', 'GrubHub', 29.88, NULL),
('2025-07-31', 'Card', 613.88, NULL),
('2025-07-31', 'UberEats', 46.73, NULL);

-- July Expenses
INSERT INTO Expense (Expense_Date, Payment_Type, Paid_To, Description, Amount) VALUES
('2025-07-01', 'CHASE', 'Jerusalem', '', 52.98),
('2025-07-01', 'CHASE', 'Parkman', '', 610.25),
('2025-07-01', 'CHASE', 'Costco', '', 122.46),
('2025-07-01', 'CHASE', 'Costco', '', 397.87),
('2025-07-01', 'CHASE', 'HK', '', 71.89),
('2025-07-02', 'CHASE', 'Restaurant Depot', '', 411.01),
('2025-07-02', 'CHASE', 'Fiesta', '', 24.11),
('2025-07-02', 'CHASE', 'Houston Propane Zelle', '', 70.00),
('2025-07-02', 'CHASE', 'Phoenicia', '', 115.00),
('2025-07-03', 'CHASE', 'HEB', '', 47.32),
('2025-07-03', 'CHASE', 'Fiesta', '', 17.14),
('2025-07-03', 'CHASE', 'Gordon', '', 35.52),
('2025-07-07', 'CHASE', 'HEB', '', 166.36),
('2025-07-07', 'CHASE', 'HEB', '', 9.28),
('2025-07-07', 'CHASE', 'Gordon', '', 237.97),
('2025-07-07', 'CHASE', 'Flex LLC', 'Rent', 2010.00),
('2025-07-07', 'CHASE', 'HEB', '', 12.83),
('2025-07-08', 'CHASE', 'John Zelle', '', 47.33),
('2025-07-07', 'CHASE', 'Costco', '', 396.64),
('2025-07-07', 'CHASE', 'Maydelin', 'Cleaning services', 100.00),
('2025-07-07', 'CHASE', 'Fiesta', '', 39.11),
('2025-07-08', 'CHASE', 'Gordon', '', 7.34),
('2025-07-08', 'CHASE', 'HEB', '', 13.32),
('2025-07-08', 'CHASE', 'Green Valley', '', 497.88),
('2025-07-08', 'CHASE', 'HK', '', 67.02),
('2025-07-08', 'CHASE', 'Houston Propane Zelle', '', 70.00),
('2025-07-10', 'CHASE', 'Fiesta', '', 36.84),
('2025-07-10', 'CHASE', 'HEB', '', 25.43),
('2025-07-10', 'CHASE', 'Jerusalem', '', 90.93),
('2025-07-14', 'CHASE', 'Gordon', '', 231.98),
('2025-07-14', 'CHASE', 'Fiesta', '', 32.82),
('2025-07-14', 'CHASE', 'John Zelle', '', 46.28),
('2025-07-14', 'CHASE', 'Costco', '', 417.66),
('2025-07-14', 'CHASE', 'HEB', '', 11.82),
('2025-07-14', 'CHASE', 'HEB', '', 5.95),
('2025-07-14', 'CHASE', 'Fiesta', '', 19.69),
('2025-07-15', 'CHASE', 'Gordon', '', 5.99),
('2025-07-15', 'CHASE', 'HK', '', 78.59),
('2025-07-16', 'CHASE', 'HEB', '', 31.70),
('2025-07-16', 'CHASE', 'Phoenicia', '', 169.12),
('2025-07-17', 'CHASE', 'Fiesta', '', 24.03),
('2025-07-17', 'CHASE', 'H Propane Zelle', '', 70.00),
('2025-07-17', 'CHASE', 'Costco', '', 306.71),
('2025-07-18', 'CHASE', 'HEB', '', 3.72),
('2025-07-21', 'CHASE', 'Gordon', '', 233.98),
('2025-07-21', 'CHASE', 'Goedoן', '', 18.36),
('2025-07-21', 'CHASE', 'ACE Hardware', '', 54.11),
('2025-07-21', 'CHASE', 'ACE Hardware', '', 7.58),
('2025-07-21', 'CHASE', 'HEB', '', 37.76),
('2025-07-21', 'CHASE', 'John Zelle', '', 35.52),
('2025-07-21', 'CHASE', 'Madeline', 'Cleaning services (Zelle)', 100.00),
('2025-07-21', 'CHASE', 'HK', '', 40.04),
('2025-07-21', 'CHASE', 'Fiesta', '', 28.51),
('2025-07-21', 'CHASE', 'Fiesta', '', 18.00),
('2025-07-22', 'CHASE', 'Gordon', '', 16.06),
('2025-07-22', 'CHASE', 'HK', '', 11.28),
('2025-07-22', 'CHASE', 'Costco', '', 386.48),
('2025-07-22', 'CHASE', 'Fiesta', '', 5.50),
('2025-07-22', 'CHASE', 'Sales Tax', 'Monthly payment', 1632.88),
('2025-07-22', 'CHASE', 'Restaurant Depot', '', 701.36),
('2025-07-23', 'CHASE', 'Prinagon', '', 154.15),
('2025-07-23', 'CHASE', 'Fiesta', '', 23.56),
('2025-07-25', 'CHASE', 'Gordon', '', 33.98),
('2025-07-25', 'CHASE', 'Fiesta', '', 56.92),
('2025-07-25', 'CHASE', 'HEB', '', 39.76),
('2025-07-25', 'CHASE', 'HEB', '', 15.30),
('2025-07-28', 'CHASE', 'Gordon', '', 233.98),
('2025-07-28', 'CHASE', 'Fiesta', '', 6.58),
('2025-07-28', 'CHASE', 'John Zelle', '', 37.29),
('2025-07-28', 'CHASE', 'Costco', '', 288.40),
('2025-07-28', 'CHASE', 'HEB', '', 23.91),
('2025-07-28', 'CHASE', 'HK', '', 72.82),
('2025-07-28', 'CHASE', 'Phoenicia', '', 122.50),
('2025-07-28', 'CHASE', 'Tariq Rice Zelle', '', 440.00),
('2025-07-29', 'CHASE', 'Fiesta', '', 5.77),
('2025-07-29', 'CHASE', 'HEB', '', 23.63),
('2025-07-29', 'CHASE', 'H Propane Zelle', '', 70.00),
('2025-07-29', 'CHASE', 'Gordon', '', 116.99),
('2025-07-30', 'CHASE', 'HEB', '', 15.54),
('2025-07-31', 'CHASE', 'Bibwek Insurance', '', 33.75),
('2025-07-31', 'CHASE', 'Bibwek Insurance', '', 60.48),
('2025-07-31', 'CHASE', 'H Propane Zelle', '', 70.00),
('2025-07-31', 'CHASE', 'Monthly fee service', '', 15.00),
('2025-07-31', 'MJ', 'Electricity', '', 30.00),
('2025-07-31', 'MJ', 'Juicer (2 from 2)', '', 45.00),
('2025-07-31', 'MA', 'Go Daddy (200 from 421.02)', '', 100.00),
('2025-07-31', 'MA', 'Best Buy (3 from 6)', '', 50.00);

-- Seed data from 20240830_august_financials.sql
-- August Cash Income
INSERT INTO Cash_Income (Income_Date, Amount, Notes) VALUES
('2025-08-02', 16.00, 'Daily closeout'),
('2025-08-03', 115.00, 'Daily closeout'),
('2025-08-04', 50.00, 'Daily closeout'),
('2025-08-05', 150.00, 'Weekend boost'),
('2025-08-06', 50.00, 'Daily closeout'),
('2025-08-07', 20.00, 'Daily closeout'),
('2025-08-09', 57.00, 'Daily closeout'),
('2025-08-10', 100.00, 'Daily closeout'),
('2025-08-11', 135.00, 'Daily closeout'),
('2025-08-12', 100.00, 'Daily closeout'),
('2025-08-13', 71.00, 'Daily closeout'),
('2025-08-16', 23.00, 'Daily closeout'),
('2025-08-17', 38.00, 'Daily closeout'),
('2025-08-18', 90.00, 'Daily closeout'),
('2025-08-19', 70.00, 'Daily closeout'),
('2025-08-20', 89.00, 'Daily closeout'),
('2025-08-23', 430.00, 'Large catering payment'),
('2025-08-24', 55.00, 'Daily closeout'),
('2025-08-25', 41.00, 'Daily closeout'),
('2025-08-26', 87.00, 'Daily closeout'),
('2025-08-27', 255.00, 'Holiday traffic'),
('2025-08-28', 92.00, 'Daily closeout'),
('2025-08-30', 20.00, 'Daily closeout');

-- August Electronic Income
INSERT INTO Electronic_Income (Income_Date, Channel, Amount, Notes) VALUES
('2025-08-02', 'UberEats', 66.47, NULL),
('2025-08-03', 'UberEats', 1000.68, NULL),
('2025-08-04', 'UberEats', 6.93, NULL),
('2025-08-05', 'UberEats', 68.02, NULL),
('2025-08-06', 'UberEats', 156.24, NULL),
('2025-08-07', 'UberEats', 289.22, NULL),
('2025-08-08', 'UberEats', 239.56, NULL),
('2025-08-09', 'UberEats', 235.49, NULL),
('2025-08-10', 'UberEats', 329.38, NULL),
('2025-08-11', 'UberEats', 769.51, NULL),
('2025-08-12', 'UberEats', 4.57, NULL),
('2025-08-13', 'UberEats', 223.46, NULL),
('2025-08-14', 'UberEats', 51.54, NULL),
('2025-08-15', 'UberEats', 11.54, NULL),
('2025-08-16', 'UberEats', 46.49, NULL),
('2025-08-17', 'UberEats', 231.23, NULL),
('2025-08-18', 'UberEats', 205.88, NULL),
('2025-08-19', 'UberEats', 179.82, NULL),
('2025-08-20', 'UberEats', 1015.07, NULL),
('2025-08-21', 'UberEats', 110.17, NULL),
('2025-08-23', 'UberEats', 598.21, NULL),
('2025-08-24', 'UberEats', 33.89, NULL),
('2025-08-25', 'UberEats', 285.28, NULL),
('2025-08-26', 'UberEats', 610.34, NULL),
('2025-08-27', 'UberEats', 12.52, NULL),
('2025-08-28', 'UberEats', 9.00, NULL),
('2025-08-30', 'UberEats', 295.63, NULL),
('2025-08-05', 'GrubHub', 1.49, NULL),
('2025-08-17', 'GrubHub', 899.17, NULL),
('2025-08-18', 'GrubHub', 51.83, NULL),
('2025-08-27', 'GrubHub', 261.62, NULL),
('2025-08-28', 'GrubHub', 314.05, NULL),
('2025-08-30', 'GrubHub', 281.59, NULL),
('2025-08-02', 'DoorDash', 17.31, NULL),
('2025-08-03', 'DoorDash', 275.34, NULL),
('2025-08-04', 'DoorDash', 427.98, NULL),
('2025-08-05', 'DoorDash', 61.84, NULL),
('2025-08-06', 'DoorDash', 324.15, NULL),
('2025-08-07', 'DoorDash', 498.80, NULL),
('2025-08-08', 'DoorDash', 6.63, NULL),
('2025-08-09', 'DoorDash', 121.38, NULL),
('2025-08-10', 'DoorDash', 295.24, NULL),
('2025-08-11', 'DoorDash', 294.95, NULL),
('2025-08-12', 'DoorDash', 386.56, NULL),
('2025-08-13', 'DoorDash', 30.80, NULL),
('2025-08-14', 'DoorDash', 493.10, NULL),
('2025-08-16', 'DoorDash', 345.58, NULL),
('2025-08-17', 'DoorDash', 817.97, NULL),
('2025-08-18', 'DoorDash', 889.09, NULL),
('2025-08-19', 'DoorDash', 233.40, NULL),
('2025-08-20', 'DoorDash', 867.08, NULL),
('2025-08-23', 'DoorDash', 4.41, NULL),
('2025-08-24', 'DoorDash', 59.57, NULL),
('2025-08-25', 'DoorDash', 472.77, NULL),
('2025-08-26', 'DoorDash', 360.70, NULL),
('2025-08-27', 'DoorDash', 774.13, NULL),
('2025-08-28', 'DoorDash', 107.56, NULL),
('2025-08-30', 'DoorDash', 46.44, NULL),
('2025-08-02', 'Card', 87.38, NULL),
('2025-08-03', 'Card', 752.42, NULL),
('2025-08-04', 'Card', 94.21, NULL),
('2025-08-05', 'Card', 50.57, NULL),
('2025-08-06', 'Card', 219.35, NULL),
('2025-08-07', 'Card', 15.52, NULL),
('2025-08-08', 'Card', 238.19, NULL),
('2025-08-09', 'Card', 544.60, NULL),
('2025-08-10', 'Card', 297.74, NULL),
('2025-08-11', 'Card', 250.28, NULL),
('2025-08-12', 'Card', 104.83, NULL),
('2025-08-13', 'Card', 25.76, NULL),
('2025-08-14', 'Card', 491.90, NULL),
('2025-08-16', 'Card', 345.30, NULL),
('2025-08-17', 'Card', 434.04, NULL),
('2025-08-18', 'Card', 225.74, NULL),
('2025-08-19', 'Card', 75.57, NULL),
('2025-08-20', 'Card', 2.07, NULL),
('2025-08-21', 'Card', 200.22, NULL),
('2025-08-23', 'Card', 965.81, NULL),
('2025-08-24', 'Card', 153.35, NULL),
('2025-08-25', 'Card', 702.74, NULL),
('2025-08-26', 'Card', 78.35, NULL),
('2025-08-27', 'Card', 559.84, NULL),
('2025-08-28', 'Card', 320.56, NULL),
('2025-08-30', 'Card', 24.05, NULL);

-- August Expenses
INSERT INTO Expense (Expense_Date, Payment_Type, Paid_To, Description, Amount) VALUES
('2025-08-02', 'CHASE', 'Costco', 'Groceries + supplies', 375.15),
('2025-08-02', 'CHASE', 'Hong K', 'Produce', 85.20),
('2025-08-03', 'CHASE', 'HEB', 'Groceries', 13.98),
('2025-08-03', 'CHASE', 'Flex LLC', 'Rent', 2010.00),
('2025-08-04', 'CHASE', 'HEB', 'Groceries', 13.98),
('2025-08-05', 'CHASE', 'Ac Mart', 'Supplies', 310.66),
('2025-08-05', 'CHASE', 'Pak Man', 'Supplies', 363.00),
('2025-08-05', 'CHASE', 'Restaurant Depot', 'Inventory restock', 444.34),
('2025-08-05', 'CHASE', 'Costco', 'Inventory restock', 40.81),
('2025-08-08', 'CHASE', 'John', 'Zelle transfer', 35.44),
('2025-08-08', 'CHASE', 'H Propane', 'Propane refill', 70.00),
('2025-08-08', 'CHASE', 'Costco', 'Bulk groceries', 500.81),
('2025-08-09', 'CHASE', 'Hood Cleaning', 'Service', 220.00),
('2025-08-11', 'CHASE', 'Heb', 'Groceries', 26.98),
('2025-08-12', 'CHASE', 'Sams Club', 'Inventory', 86.90),
('2025-08-12', 'CHASE', 'Restaurant Depot', 'Inventory restock', 215.17),
('2025-08-12', 'CHASE', 'Costco', 'Groceries', 39.91),
('2025-08-15', 'CHASE', 'Gordon', 'Supplies', 219.42),
('2025-08-15', 'CHASE', 'Costco', 'Inventory', 477.62),
('2025-08-15', 'CHASE', 'Fiesta', 'Groceries', 7.48),
('2025-08-15', 'CHASE', 'Heb', 'Groceries', 32.63),
('2025-08-15', 'CHASE', 'John', 'Zelle transfer', 45.68),
('2025-08-15', 'CHASE', 'H Propane', 'Propane refill', 70.00),
('2025-08-15', 'CHASE', 'Costco', 'Inventory', 151.26),
('2025-08-15', 'CHASE', 'Phoenicia', 'Specialty goods', 223.58),
('2025-08-15', 'CHASE', 'Sales Tax', 'Monthly payment', 1971.41),
('2025-08-16', 'CHASE', 'Restaurant Depot', 'Inventory restock', 785.91),
('2025-08-16', 'CHASE', 'H Propane', 'Propane refill', 70.00),
('2025-08-16', 'CHASE', 'Tariq Rice', 'Zelle payment', 480.00),
('2025-08-17', 'CHASE', 'Sams Club', 'Inventory', 101.05),
('2025-08-17', 'CHASE', 'Suns Club', 'Supplies', 37.88),
('2025-08-18', 'CHASE', 'Faisal', 'Supplies', 6.82),
('2025-08-19', 'CHASE', 'Costco', 'Inventory', 215.97),
('2025-08-22', 'CHASE', 'Fiesta', 'Groceries', 7.48),
('2025-08-22', 'CHASE', 'Heb', 'Groceries', 15.38),
('2025-08-22', 'CHASE', 'Costco', 'Inventory', 480.62),
('2025-08-22', 'CHASE', 'Gordon', 'Supplies', 100.90),
('2025-08-22', 'CHASE', 'Fire Marshal', 'Inspection fee', 195.00),
('2025-08-23', 'CHASE', 'Heb', 'Groceries', 32.66),
('2025-08-23', 'CHASE', 'Suns Club', 'Inventory', 124.60),
('2025-08-23', 'CHASE', 'Costco', 'Inventory', 124.60),
('2025-08-24', 'CHASE', 'Ace Hardware', 'Maintenance supplies', 19.03),
('2025-08-24', 'CHASE', 'Restaurant Depot', 'Inventory restock', 47.81),
('2025-08-25', 'CHASE', 'Phoenicia', 'Specialty goods', 82.50),
('2025-08-25', 'CHASE', 'Heb', 'Groceries', 29.18),
('2025-08-25', 'CHASE', 'Adam', 'Supplies', 15.30),
('2025-08-26', 'CHASE', 'Fiesta', 'Groceries', 15.60),
('2025-08-26', 'CHASE', 'Costco', 'Inventory', 161.68),
('2025-08-29', 'CHASE', 'Gordon', 'Supplies', 203.97),
('2025-08-29', 'CHASE', 'Bibek Insurance', 'Insurance premium', 37.50),
('2025-08-29', 'CHASE', 'Heb', 'Groceries', 47.48),
('2025-08-29', 'CHASE', 'H Propane LLC', 'Propane refill', 70.00),
('2025-08-29', 'CHASE', 'Johns', 'Zelle transfer', 59.17),
('2025-08-29', 'CHASE', 'Gordon', 'Supplies', 5.99),
('2025-08-29', 'CHASE', 'Costco', 'Inventory', 161.34),
('2025-08-29', 'CHASE', 'Tawakkul Grocer', 'Supplies', 65.36),
('2025-08-29', 'CHASE', 'Heb', 'Groceries', 18.44),
('2025-08-29', 'CHASE', 'Costco', 'Inventory', 426.59),
('2025-08-29', 'CHASE', 'Hong K', 'Produce', 10.58),
('2025-08-29', 'CHASE', 'Suns Club', 'Inventory', 27.30),
('2025-08-29', 'CHASE', 'Fiesta', 'Groceries', 10.70),
('2025-08-29', 'CHASE', 'Heb', 'Groceries', 21.28),
('2025-08-29', 'CHASE', 'Gordon', 'Supplies', 24.96),
('2025-08-30', 'CHASE', 'Heb', 'Groceries', 14.32),
('2025-08-30', 'CHASE', 'Hong K', 'Produce', 50.39),
('2025-08-30', 'CHASE', 'Restaurant Depot', 'Inventory restock', 70.00),
('2025-08-30', 'CHASE', 'H Propane', 'Propane refill', 70.00),
('2025-08-30', 'CHASE', 'Chase Fee', 'Bank fee', 15.00),
('2025-08-30', 'MJ', 'Electricity', 'Utilities', 30.00),
('2025-08-30', 'MJ', 'Electricity', 'Utilities', 90.00),
('2025-08-30', 'MJ', 'Electricity', 'Utilities', 12.75),
('2025-08-30', 'MJ', 'T-Mobile', 'Phone service', 40.00),
('2025-08-30', 'MJ', 'Electricity', 'Utilities', 30.00),
('2025-08-30', 'MA', 'Best Buy', 'Hardware replenish', 50.00),
('2025-08-30', 'MA', 'Go Daddy', 'Domain renewal', 100.00);

-- Seed data from 20241118_october_financials.sql
-- October Cash Income
INSERT INTO Cash_Income (Income_Date, Amount, Notes) VALUES
('2025-10-02', 16.00, 'Daily closeout'),
('2025-10-03', 115.00, 'Daily closeout'),
('2025-10-04', 50.00, 'Daily closeout'),
('2025-10-05', 150.00, 'Weekend boost'),
('2025-10-06', 50.00, 'Daily closeout'),
('2025-10-07', 20.00, 'Daily closeout'),
('2025-10-09', 57.00, 'Daily closeout'),
('2025-10-10', 100.00, 'Daily closeout'),
('2025-10-11', 135.00, 'Daily closeout'),
('2025-10-12', 100.00, 'Daily closeout'),
('2025-10-13', 71.00, 'Daily closeout'),
('2025-10-16', 23.00, 'Daily closeout'),
('2025-10-17', 38.00, 'Daily closeout'),
('2025-10-18', 90.00, 'Daily closeout'),
('2025-10-19', 70.00, 'Daily closeout'),
('2025-10-20', 89.00, 'Daily closeout'),
('2025-10-23', 430.00, 'Large catering payment'),
('2025-10-24', 55.00, 'Daily closeout'),
('2025-10-25', 41.00, 'Daily closeout'),
('2025-10-26', 87.00, 'Daily closeout'),
('2025-10-27', 255.00, 'Holiday traffic'),
('2025-10-28', 92.00, 'Daily closeout'),
('2025-10-30', 20.00, 'Daily closeout');

-- October Electronic Income
INSERT INTO Electronic_Income (Income_Date, Channel, Amount, Notes) VALUES
('2025-10-02', 'UberEats', 66.47, NULL),
('2025-10-03', 'UberEats', 1000.68, NULL),
('2025-10-04', 'UberEats', 6.93, NULL),
('2025-10-05', 'UberEats', 68.02, NULL),
('2025-10-06', 'UberEats', 156.24, NULL),
('2025-10-07', 'UberEats', 289.22, NULL),
('2025-10-08', 'UberEats', 239.56, NULL),
('2025-10-09', 'UberEats', 235.49, NULL),
('2025-10-10', 'UberEats', 329.38, NULL),
('2025-10-11', 'UberEats', 769.51, NULL),
('2025-10-12', 'UberEats', 4.57, NULL),
('2025-10-13', 'UberEats', 223.46, NULL),
('2025-10-14', 'UberEats', 51.54, NULL),
('2025-10-15', 'UberEats', 11.54, NULL),
('2025-10-16', 'UberEats', 46.49, NULL),
('2025-10-17', 'UberEats', 231.23, NULL),
('2025-10-18', 'UberEats', 205.88, NULL),
('2025-10-19', 'UberEats', 179.82, NULL),
('2025-10-20', 'UberEats', 1015.07, NULL),
('2025-10-21', 'UberEats', 110.17, NULL),
('2025-10-23', 'UberEats', 598.21, NULL),
('2025-10-24', 'UberEats', 33.89, NULL),
('2025-10-25', 'UberEats', 285.28, NULL),
('2025-10-26', 'UberEats', 610.34, NULL),
('2025-10-27', 'UberEats', 12.52, NULL),
('2025-10-28', 'UberEats', 9.00, NULL),
('2025-10-30', 'UberEats', 295.63, NULL),
('2025-10-05', 'GrubHub', 1.49, NULL),
('2025-10-17', 'GrubHub', 899.17, NULL),
('2025-10-18', 'GrubHub', 51.83, NULL),
('2025-10-27', 'GrubHub', 261.62, NULL),
('2025-10-28', 'GrubHub', 314.05, NULL),
('2025-10-30', 'GrubHub', 281.59, NULL),
('2025-10-02', 'DoorDash', 17.31, NULL),
('2025-10-03', 'DoorDash', 275.34, NULL),
('2025-10-04', 'DoorDash', 427.98, NULL),
('2025-10-05', 'DoorDash', 61.84, NULL),
('2025-10-06', 'DoorDash', 324.15, NULL),
('2025-10-07', 'DoorDash', 498.80, NULL),
('2025-10-08', 'DoorDash', 6.63, NULL),
('2025-10-09', 'DoorDash', 121.38, NULL),
('2025-10-10', 'DoorDash', 295.24, NULL),
('2025-10-11', 'DoorDash', 294.95, NULL),
('2025-10-12', 'DoorDash', 386.56, NULL),
('2025-10-13', 'DoorDash', 30.80, NULL),
('2025-10-14', 'DoorDash', 493.10, NULL),
('2025-10-16', 'DoorDash', 345.58, NULL),
('2025-10-17', 'DoorDash', 817.97, NULL),
('2025-10-18', 'DoorDash', 889.09, NULL),
('2025-10-19', 'DoorDash', 233.40, NULL),
('2025-10-20', 'DoorDash', 867.08, NULL),
('2025-10-23', 'DoorDash', 4.41, NULL),
('2025-10-24', 'DoorDash', 59.57, NULL),
('2025-10-25', 'DoorDash', 472.77, NULL),
('2025-10-26', 'DoorDash', 360.70, NULL),
('2025-10-27', 'DoorDash', 774.13, NULL),
('2025-10-28', 'DoorDash', 107.56, NULL),
('2025-10-30', 'DoorDash', 46.44, NULL),
('2025-10-02', 'Card', 87.38, NULL),
('2025-10-03', 'Card', 752.42, NULL),
('2025-10-04', 'Card', 94.21, NULL),
('2025-10-05', 'Card', 50.57, NULL),
('2025-10-06', 'Card', 219.35, NULL),
('2025-10-07', 'Card', 15.52, NULL),
('2025-10-08', 'Card', 238.19, NULL),
('2025-10-09', 'Card', 544.60, NULL),
('2025-10-10', 'Card', 297.74, NULL),
('2025-10-11', 'Card', 250.28, NULL),
('2025-10-12', 'Card', 104.83, NULL),
('2025-10-13', 'Card', 25.76, NULL),
('2025-10-14', 'Card', 491.90, NULL),
('2025-10-16', 'Card', 345.30, NULL),
('2025-10-17', 'Card', 434.04, NULL),
('2025-10-18', 'Card', 225.74, NULL),
('2025-10-19', 'Card', 75.57, NULL),
('2025-10-20', 'Card', 2.07, NULL),
('2025-10-21', 'Card', 200.22, NULL),
('2025-10-23', 'Card', 965.81, NULL),
('2025-10-24', 'Card', 153.35, NULL),
('2025-10-25', 'Card', 702.74, NULL),
('2025-10-26', 'Card', 78.35, NULL),
('2025-10-27', 'Card', 559.84, NULL),
('2025-10-28', 'Card', 320.56, NULL),
('2025-10-30', 'Card', 24.05, NULL);

-- October Expenses
INSERT INTO Expense (Expense_Date, Payment_Type, Paid_To, Description, Amount) VALUES
('2025-10-02', 'CHASE', 'Costco', 'Groceries + supplies', 375.15),
('2025-10-02', 'CHASE', 'Hong K', 'Produce', 85.20),
('2025-10-03', 'CHASE', 'HEB', 'Groceries', 13.98),
('2025-10-03', 'CHASE', 'Flex LLC', 'Rent', 2010.00),
('2025-10-04', 'CHASE', 'HEB', 'Groceries', 13.98),
('2025-10-05', 'CHASE', 'Ac Mart', 'Supplies', 310.66),
('2025-10-05', 'CHASE', 'Pak Man', 'Supplies', 363.00),
('2025-10-05', 'CHASE', 'Restaurant Depot', 'Inventory restock', 444.34),
('2025-10-05', 'CHASE', 'Costco', 'Inventory restock', 40.81),
('2025-10-08', 'CHASE', 'John', 'Zelle transfer', 35.44),
('2025-10-08', 'CHASE', 'H Propane', 'Propane refill', 70.00),
('2025-10-08', 'CHASE', 'Costco', 'Bulk groceries', 500.81),
('2025-10-09', 'CHASE', 'Hood Cleaning', 'Service', 220.00),
('2025-10-11', 'CHASE', 'Heb', 'Groceries', 26.98),
('2025-10-12', 'CHASE', 'Sams Club', 'Inventory', 86.90),
('2025-10-12', 'CHASE', 'Restaurant Depot', 'Inventory restock', 215.17),
('2025-10-12', 'CHASE', 'Costco', 'Groceries', 39.91),
('2025-10-15', 'CHASE', 'Gordon', 'Supplies', 219.42),
('2025-10-15', 'CHASE', 'Costco', 'Inventory', 477.62),
('2025-10-15', 'CHASE', 'Fiesta', 'Groceries', 7.48),
('2025-10-15', 'CHASE', 'Heb', 'Groceries', 32.63),
('2025-10-15', 'CHASE', 'John', 'Zelle transfer', 45.68),
('2025-10-15', 'CHASE', 'H Propane', 'Propane refill', 70.00),
('2025-10-15', 'CHASE', 'Costco', 'Inventory', 151.26),
('2025-10-15', 'CHASE', 'Phoenicia', 'Specialty goods', 223.58),
('2025-10-15', 'CHASE', 'Sales Tax', 'Monthly payment', 1971.41),
('2025-10-16', 'CHASE', 'Restaurant Depot', 'Inventory restock', 785.91),
('2025-10-16', 'CHASE', 'H Propane', 'Propane refill', 70.00),
('2025-10-16', 'CHASE', 'Tariq Rice', 'Zelle payment', 480.00),
('2025-10-17', 'CHASE', 'Sams Club', 'Inventory', 101.05),
('2025-10-17', 'CHASE', 'Suns Club', 'Supplies', 37.88),
('2025-10-18', 'CHASE', 'Faisal', 'Supplies', 6.82),
('2025-10-19', 'CHASE', 'Costco', 'Inventory', 215.97),
('2025-10-22', 'CHASE', 'Fiesta', 'Groceries', 7.48),
('2025-10-22', 'CHASE', 'Heb', 'Groceries', 15.38),
('2025-10-22', 'CHASE', 'Costco', 'Inventory', 480.62),
('2025-10-22', 'CHASE', 'Gordon', 'Supplies', 100.90),
('2025-10-22', 'CHASE', 'Fire Marshal', 'Inspection fee', 195.00),
('2025-10-23', 'CHASE', 'Heb', 'Groceries', 32.66),
('2025-10-23', 'CHASE', 'Suns Club', 'Inventory', 124.60),
('2025-10-23', 'CHASE', 'Costco', 'Inventory', 124.60),
('2025-10-24', 'CHASE', 'Ace Hardware', 'Maintenance supplies', 19.03),
('2025-10-24', 'CHASE', 'Restaurant Depot', 'Inventory restock', 47.81),
('2025-10-25', 'CHASE', 'Phoenicia', 'Specialty goods', 82.50),
('2025-10-25', 'CHASE', 'Heb', 'Groceries', 29.18),
('2025-10-25', 'CHASE', 'Adam', 'Supplies', 15.30),
('2025-10-26', 'CHASE', 'Fiesta', 'Groceries', 15.60),
('2025-10-26', 'CHASE', 'Costco', 'Inventory', 161.68),
('2025-10-29', 'CHASE', 'Gordon', 'Supplies', 203.97),
('2025-10-29', 'CHASE', 'Bibek Insurance', 'Insurance premium', 37.50),
('2025-10-29', 'CHASE', 'Heb', 'Groceries', 47.48),
('2025-10-29', 'CHASE', 'H Propane LLC', 'Propane refill', 70.00),
('2025-10-29', 'CHASE', 'Johns', 'Zelle transfer', 59.17),
('2025-10-29', 'CHASE', 'Gordon', 'Supplies', 5.99),
('2025-10-29', 'CHASE', 'Costco', 'Inventory', 161.34),
('2025-10-29', 'CHASE', 'Tawakkul Grocer', 'Supplies', 65.36),
('2025-10-29', 'CHASE', 'Heb', 'Groceries', 18.44),
('2025-10-29', 'CHASE', 'Costco', 'Inventory', 426.59),
('2025-10-29', 'CHASE', 'Hong K', 'Produce', 10.58),
('2025-10-29', 'CHASE', 'Suns Club', 'Inventory', 27.30),
('2025-10-29', 'CHASE', 'Fiesta', 'Groceries', 10.70),
('2025-10-29', 'CHASE', 'Heb', 'Groceries', 21.28),
('2025-10-29', 'CHASE', 'Gordon', 'Supplies', 24.96),
('2025-10-30', 'CHASE', 'Heb', 'Groceries', 14.32),
('2025-10-30', 'CHASE', 'Hong K', 'Produce', 50.39),
('2025-10-30', 'CHASE', 'Restaurant Depot', 'Inventory restock', 70.00),
('2025-10-30', 'CHASE', 'H Propane', 'Propane refill', 70.00),
('2025-10-30', 'CHASE', 'Chase Fee', 'Bank fee', 15.00),
('2025-10-30', 'MJ', 'Electricity', 'Utilities', 30.00),
('2025-10-30', 'MJ', 'Electricity', 'Utilities', 90.00),
('2025-10-30', 'MJ', 'Electricity', 'Utilities', 12.75),
('2025-10-30', 'MJ', 'T-Mobile', 'Phone service', 40.00),
('2025-10-30', 'MJ', 'Electricity', 'Utilities', 30.00),
('2025-10-30', 'MA', 'Best Buy', 'Hardware replenish', 50.00),
('2025-10-30', 'MA', 'Go Daddy', 'Domain renewal', 100.00);

-- Seed data from 20241119_create_expense_tracker_tables.sql
INSERT INTO Expense (Expense_Date, Payment_Type, Paid_To, Description, Amount) VALUES
('2025-11-02', 'CHASE', 'Costco', 'Groceries + supplies', 375.15),
('2025-11-02', 'CHASE', 'Hong K', 'Produce', 85.20),
('2025-11-02', 'CHASE', 'HEB', 'Groceries', 13.98),
('2025-11-03', 'CHASE', 'Flex LLC', 'Rent', 2010.00),
('2025-11-03', 'CHASE', 'HEB', 'Produce', 13.98),
('2025-11-05', 'CHASE', 'Restaurant Depot', 'Inventory restock', 444.34),
('2025-11-05', 'CHASE', 'Costco', 'Inventory restock', 40.81),
('2025-11-08', 'CHASE', 'John', 'Zelle transfer', 35.44),
('2025-11-08', 'CHASE', 'H Propane', 'Propane refill', 70.00),
('2025-11-08', 'CHASE', 'Costco', 'Bulk groceries', 500.81),
('2025-11-09', 'CHASE', 'Hood Cleaning', 'Service', 220.00),
('2025-11-12', 'CHASE', 'Restaurant Depot', 'Inventory restock', 785.91),
('2025-11-15', 'CHASE', 'Phoenicia', 'Specialty goods', 223.58),
('2025-11-15', 'CHASE', 'Sales Tax', 'Monthly payment', 1971.41),
('2025-11-18', 'CHASE', 'Faisal', 'Supplies', 6.82),
('2025-11-22', 'CHASE', 'Fire Marshal', 'Inspection fee', 195.00),
('2025-11-23', 'CHASE', 'Costco', 'Inventory restock', 124.60),
('2025-11-24', 'CHASE', 'Ace Hardware', 'Maintenance supplies', 19.03),
('2025-11-26', 'CHASE', 'Fiesta', 'Groceries', 15.60),
('2025-11-29', 'CHASE', 'Bibek Insurance', 'Insurance premium', 37.50),
('2025-11-29', 'CHASE', 'Go Daddy', 'Domain renewal', 100.00),
('2025-11-30', 'CHASE', 'Restaurant Depot', 'Inventory restock', 113.24),
('2025-11-30', 'MJ', 'T-Mobile', 'Phone service', 40.00),
('2025-11-30', 'MJ', 'Electric Company', 'Utilities', 90.00);

INSERT INTO Cash_Income (Income_Date, Amount, Notes) VALUES
('2025-11-02', 16.00, 'Daily closeout'),
('2025-11-03', 115.00, 'Daily closeout'),
('2025-11-05', 150.00, 'Weekend boost'),
('2025-11-07', 20.00, 'Daily closeout'),
('2025-11-10', 100.00, 'Daily closeout'),
('2025-11-13', 71.00, 'Daily closeout'),
('2025-11-17', 38.00, 'Daily closeout'),
('2025-11-20', 89.00, 'Daily closeout'),
('2025-11-23', 430.00, 'Large catering payment'),
('2025-11-27', 255.00, 'Holiday traffic'),
('2025-11-30', 20.00, 'Daily closeout');

INSERT INTO Electronic_Income (Income_Date, Channel, Amount, Notes) VALUES
('2025-11-02', 'Card', 209.87, NULL),
('2025-11-02', 'DoorDash', 192.70, NULL),
('2025-11-02', 'UberEats', 40.50, NULL),
('2025-11-03', 'Card', 409.28, NULL),
('2025-11-04', 'DoorDash', 178.62, NULL),
('2025-11-05', 'UberEats', 190.31, NULL),
('2025-11-06', 'GrubHub', 27.98, NULL),
('2025-11-07', 'Card', 640.73, NULL),
('2025-11-09', 'DoorDash', 202.15, NULL),
('2025-11-10', 'Card', 429.41, NULL),
('2025-11-12', 'Card', 869.10, NULL),
('2025-11-13', 'DoorDash', 299.33, NULL),
('2025-11-14', 'Card', 433.24, NULL),
('2025-11-16', 'Card', 272.50, NULL),
('2025-11-17', 'DoorDash', 151.57, NULL),
('2025-11-18', 'Card', 359.27, NULL),
('2025-11-19', 'DoorDash', 788.31, NULL),
('2025-11-20', 'Card', 807.10, NULL),
('2025-11-23', 'UberEats', 90.07, NULL),
('2025-11-24', 'Card', 681.71, NULL),
('2025-11-25', 'Card', 593.69, NULL),
('2025-11-26', 'Card', 1453.43, NULL),
('2025-11-27', 'GrubHub', 90.93, NULL),
('2025-11-28', 'Card', 1073.95, NULL),
('2025-11-29', 'DoorDash', 263.05, NULL),
('2025-11-30', 'UberEats', 79.91, NULL),
('2025-11-30', 'GrubHub', 119.49, NULL);


