-- October Cash Income
INSERT INTO Cash_Income (Income_Date, Amount, Notes) VALUES
('2025-10-02', 16.00, 'Daily closeout'),
('2025-10-03', 115.00, 'Daily closeout'),
('2025-10-04', 50.00, 'Daily closeout'),
('2025-10-05', 150.00, 'Weekend boost'),
('2025-10-06', 50.00, 'Daily closeout'),
('2025-10-07', 20.00, 'Daily closeout'),
('2025-10-09', 57.00, 'Daily closeout'),
('2025-10-10', 100.00, 'Daily closeout'),
('2025-10-11', 135.00, 'Daily closeout'),
('2025-10-12', 100.00, 'Daily closeout'),
('2025-10-13', 71.00, 'Daily closeout'),
('2025-10-16', 23.00, 'Daily closeout'),
('2025-10-17', 38.00, 'Daily closeout'),
('2025-10-18', 90.00, 'Daily closeout'),
('2025-10-19', 70.00, 'Daily closeout'),
('2025-10-20', 89.00, 'Daily closeout'),
('2025-10-23', 430.00, 'Large catering payment'),
('2025-10-24', 55.00, 'Daily closeout'),
('2025-10-25', 41.00, 'Daily closeout'),
('2025-10-26', 87.00, 'Daily closeout'),
('2025-10-27', 255.00, 'Holiday traffic'),
('2025-10-28', 92.00, 'Daily closeout'),
('2025-10-30', 20.00, 'Daily closeout');

-- October Electronic Income
INSERT INTO Electronic_Income (Income_Date, Channel, Amount, Notes) VALUES
('2025-10-02', 'UberEats', 66.47, NULL),
('2025-10-03', 'UberEats', 1000.68, NULL),
('2025-10-04', 'UberEats', 6.93, NULL),
('2025-10-05', 'UberEats', 68.02, NULL),
('2025-10-06', 'UberEats', 156.24, NULL),
('2025-10-07', 'UberEats', 289.22, NULL),
('2025-10-08', 'UberEats', 239.56, NULL),
('2025-10-09', 'UberEats', 235.49, NULL),
('2025-10-10', 'UberEats', 329.38, NULL),
('2025-10-11', 'UberEats', 769.51, NULL),
('2025-10-12', 'UberEats', 4.57, NULL),
('2025-10-13', 'UberEats', 223.46, NULL),
('2025-10-14', 'UberEats', 51.54, NULL),
('2025-10-15', 'UberEats', 11.54, NULL),
('2025-10-16', 'UberEats', 46.49, NULL),
('2025-10-17', 'UberEats', 231.23, NULL),
('2025-10-18', 'UberEats', 205.88, NULL),
('2025-10-19', 'UberEats', 179.82, NULL),
('2025-10-20', 'UberEats', 1015.07, NULL),
('2025-10-21', 'UberEats', 110.17, NULL),
('2025-10-23', 'UberEats', 598.21, NULL),
('2025-10-24', 'UberEats', 33.89, NULL),
('2025-10-25', 'UberEats', 285.28, NULL),
('2025-10-26', 'UberEats', 610.34, NULL),
('2025-10-27', 'UberEats', 12.52, NULL),
('2025-10-28', 'UberEats', 9.00, NULL),
('2025-10-30', 'UberEats', 295.63, NULL),
('2025-10-05', 'GrubHub', 1.49, NULL),
('2025-10-17', 'GrubHub', 899.17, NULL),
('2025-10-18', 'GrubHub', 51.83, NULL),
('2025-10-27', 'GrubHub', 261.62, NULL),
('2025-10-28', 'GrubHub', 314.05, NULL),
('2025-10-30', 'GrubHub', 281.59, NULL),
('2025-10-02', 'DoorDash', 17.31, NULL),
('2025-10-03', 'DoorDash', 275.34, NULL),
('2025-10-04', 'DoorDash', 427.98, NULL),
('2025-10-05', 'DoorDash', 61.84, NULL),
('2025-10-06', 'DoorDash', 324.15, NULL),
('2025-10-07', 'DoorDash', 498.80, NULL),
('2025-10-08', 'DoorDash', 6.63, NULL),
('2025-10-09', 'DoorDash', 121.38, NULL),
('2025-10-10', 'DoorDash', 295.24, NULL),
('2025-10-11', 'DoorDash', 294.95, NULL),
('2025-10-12', 'DoorDash', 386.56, NULL),
('2025-10-13', 'DoorDash', 30.80, NULL),
('2025-10-14', 'DoorDash', 493.10, NULL),
('2025-10-16', 'DoorDash', 345.58, NULL),
('2025-10-17', 'DoorDash', 817.97, NULL),
('2025-10-18', 'DoorDash', 889.09, NULL),
('2025-10-19', 'DoorDash', 233.40, NULL),
('2025-10-20', 'DoorDash', 867.08, NULL),
('2025-10-23', 'DoorDash', 4.41, NULL),
('2025-10-24', 'DoorDash', 59.57, NULL),
('2025-10-25', 'DoorDash', 472.77, NULL),
('2025-10-26', 'DoorDash', 360.70, NULL),
('2025-10-27', 'DoorDash', 774.13, NULL),
('2025-10-28', 'DoorDash', 107.56, NULL),
('2025-10-30', 'DoorDash', 46.44, NULL),
('2025-10-02', 'Card', 87.38, NULL),
('2025-10-03', 'Card', 752.42, NULL),
('2025-10-04', 'Card', 94.21, NULL),
('2025-10-05', 'Card', 50.57, NULL),
('2025-10-06', 'Card', 219.35, NULL),
('2025-10-07', 'Card', 15.52, NULL),
('2025-10-08', 'Card', 238.19, NULL),
('2025-10-09', 'Card', 544.60, NULL),
('2025-10-10', 'Card', 297.74, NULL),
('2025-10-11', 'Card', 250.28, NULL),
('2025-10-12', 'Card', 104.83, NULL),
('2025-10-13', 'Card', 25.76, NULL),
('2025-10-14', 'Card', 491.90, NULL),
('2025-10-16', 'Card', 345.30, NULL),
('2025-10-17', 'Card', 434.04, NULL),
('2025-10-18', 'Card', 225.74, NULL),
('2025-10-19', 'Card', 75.57, NULL),
('2025-10-20', 'Card', 2.07, NULL),
('2025-10-21', 'Card', 200.22, NULL),
('2025-10-23', 'Card', 965.81, NULL),
('2025-10-24', 'Card', 153.35, NULL),
('2025-10-25', 'Card', 702.74, NULL),
('2025-10-26', 'Card', 78.35, NULL),
('2025-10-27', 'Card', 559.84, NULL),
('2025-10-28', 'Card', 320.56, NULL),
('2025-10-30', 'Card', 24.05, NULL);

-- October Expenses
INSERT INTO Expense (Expense_Date, Payment_Type, Paid_To, Description, Amount) VALUES
('2025-10-02', 'CHASE', 'Costco', 'Groceries + supplies', 375.15),
('2025-10-02', 'CHASE', 'Hong K', 'Produce', 85.20),
('2025-10-03', 'CHASE', 'HEB', 'Groceries', 13.98),
('2025-10-03', 'CHASE', 'Flex LLC', 'Rent', 2010.00),
('2025-10-04', 'CHASE', 'HEB', 'Groceries', 13.98),
('2025-10-05', 'CHASE', 'Ac Mart', 'Supplies', 310.66),
('2025-10-05', 'CHASE', 'Pak Man', 'Supplies', 363.00),
('2025-10-05', 'CHASE', 'Restaurant Depot', 'Inventory restock', 444.34),
('2025-10-05', 'CHASE', 'Costco', 'Inventory restock', 40.81),
('2025-10-08', 'CHASE', 'John', 'Zelle transfer', 35.44),
('2025-10-08', 'CHASE', 'H Propane', 'Propane refill', 70.00),
('2025-10-08', 'CHASE', 'Costco', 'Bulk groceries', 500.81),
('2025-10-09', 'CHASE', 'Hood Cleaning', 'Service', 220.00),
('2025-10-11', 'CHASE', 'Heb', 'Groceries', 26.98),
('2025-10-12', 'CHASE', 'Sams Club', 'Inventory', 86.90),
('2025-10-12', 'CHASE', 'Restaurant Depot', 'Inventory restock', 215.17),
('2025-10-12', 'CHASE', 'Costco', 'Groceries', 39.91),
('2025-10-15', 'CHASE', 'Gordon', 'Supplies', 219.42),
('2025-10-15', 'CHASE', 'Costco', 'Inventory', 477.62),
('2025-10-15', 'CHASE', 'Fiesta', 'Groceries', 7.48),
('2025-10-15', 'CHASE', 'Heb', 'Groceries', 32.63),
('2025-10-15', 'CHASE', 'John', 'Zelle transfer', 45.68),
('2025-10-15', 'CHASE', 'H Propane', 'Propane refill', 70.00),
('2025-10-15', 'CHASE', 'Costco', 'Inventory', 151.26),
('2025-10-15', 'CHASE', 'Phoenicia', 'Specialty goods', 223.58),
('2025-10-15', 'CHASE', 'Sales Tax', 'Monthly payment', 1971.41),
('2025-10-16', 'CHASE', 'Restaurant Depot', 'Inventory restock', 785.91),
('2025-10-16', 'CHASE', 'H Propane', 'Propane refill', 70.00),
('2025-10-16', 'CHASE', 'Tariq Rice', 'Zelle payment', 480.00),
('2025-10-17', 'CHASE', 'Sams Club', 'Inventory', 101.05),
('2025-10-17', 'CHASE', 'Suns Club', 'Supplies', 37.88),
('2025-10-18', 'CHASE', 'Faisal', 'Supplies', 6.82),
('2025-10-19', 'CHASE', 'Costco', 'Inventory', 215.97),
('2025-10-22', 'CHASE', 'Fiesta', 'Groceries', 7.48),
('2025-10-22', 'CHASE', 'Heb', 'Groceries', 15.38),
('2025-10-22', 'CHASE', 'Costco', 'Inventory', 480.62),
('2025-10-22', 'CHASE', 'Gordon', 'Supplies', 100.90),
('2025-10-22', 'CHASE', 'Fire Marshal', 'Inspection fee', 195.00),
('2025-10-23', 'CHASE', 'Heb', 'Groceries', 32.66),
('2025-10-23', 'CHASE', 'Suns Club', 'Inventory', 124.60),
('2025-10-23', 'CHASE', 'Costco', 'Inventory', 124.60),
('2025-10-24', 'CHASE', 'Ace Hardware', 'Maintenance supplies', 19.03),
('2025-10-24', 'CHASE', 'Restaurant Depot', 'Inventory restock', 47.81),
('2025-10-25', 'CHASE', 'Phoenicia', 'Specialty goods', 82.50),
('2025-10-25', 'CHASE', 'Heb', 'Groceries', 29.18),
('2025-10-25', 'CHASE', 'Adam', 'Supplies', 15.30),
('2025-10-26', 'CHASE', 'Fiesta', 'Groceries', 15.60),
('2025-10-26', 'CHASE', 'Costco', 'Inventory', 161.68),
('2025-10-29', 'CHASE', 'Gordon', 'Supplies', 203.97),
('2025-10-29', 'CHASE', 'Bibek Insurance', 'Insurance premium', 37.50),
('2025-10-29', 'CHASE', 'Heb', 'Groceries', 47.48),
('2025-10-29', 'CHASE', 'H Propane LLC', 'Propane refill', 70.00),
('2025-10-29', 'CHASE', 'Johns', 'Zelle transfer', 59.17),
('2025-10-29', 'CHASE', 'Gordon', 'Supplies', 5.99),
('2025-10-29', 'CHASE', 'Costco', 'Inventory', 161.34),
('2025-10-29', 'CHASE', 'Tawakkul Grocer', 'Supplies', 65.36),
('2025-10-29', 'CHASE', 'Heb', 'Groceries', 18.44),
('2025-10-29', 'CHASE', 'Costco', 'Inventory', 426.59),
('2025-10-29', 'CHASE', 'Hong K', 'Produce', 10.58),
('2025-10-29', 'CHASE', 'Suns Club', 'Inventory', 27.30),
('2025-10-29', 'CHASE', 'Fiesta', 'Groceries', 10.70),
('2025-10-29', 'CHASE', 'Heb', 'Groceries', 21.28),
('2025-10-29', 'CHASE', 'Gordon', 'Supplies', 24.96),
('2025-10-30', 'CHASE', 'Heb', 'Groceries', 14.32),
('2025-10-30', 'CHASE', 'Hong K', 'Produce', 50.39),
('2025-10-30', 'CHASE', 'Restaurant Depot', 'Inventory restock', 70.00),
('2025-10-30', 'CHASE', 'H Propane', 'Propane refill', 70.00),
('2025-10-30', 'CHASE', 'Chase Fee', 'Bank fee', 15.00),
('2025-10-30', 'MJ', 'Electricity', 'Utilities', 30.00),
('2025-10-30', 'MJ', 'Electricity', 'Utilities', 90.00),
('2025-10-30', 'MJ', 'Electricity', 'Utilities', 12.75),
('2025-10-30', 'MJ', 'T-Mobile', 'Phone service', 40.00),
('2025-10-30', 'MJ', 'Electricity', 'Utilities', 30.00),
('2025-10-30', 'MA', 'Best Buy', 'Hardware replenish', 50.00),
('2025-10-30', 'MA', 'Go Daddy', 'Domain renewal', 100.00);
